학습(공백적용),타입
ADER,금지 단어
ADERERROR,금지 단어
A Glas Tr,금지 단어
ADIDAS,금지 단어
ALLSAINTS,금지 단어
AMIRO,금지 단어
ANEW ,금지 단어
BT21 ,금지 단어
BTS ,금지 단어
Benzylsildenafil,금지 단어
Berberine,금지 단어
Belladonna,금지 단어
Bergenin,금지 단어
Black Cohosh,금지 단어
Brahmi,금지 단어
Buchu leaf,금지 단어
Agathosma betulina,금지 단어
Buckthorn,금지 단어
Bull's foot,금지 단어
Butea gum tree,금지 단어
Butea superba,금지 단어
Buthus martensii Karsch,금지 단어
Butterfly Pea,금지 단어
C-REST,금지 단어
C-레스트,금지 단어
CDG,금지 단어
CELINE,금지 단어
Caesalpinia Benthamiana,금지 단어
Cannabis sativa L,금지 단어
Carbodenafil,금지 단어
Cartoon Korea,금지 단어
Cascara sagrada,금지 단어
Cascaroside,금지 단어
Cassia occidentalis,금지 단어
Cat's Claw,금지 단어
Catuaba,금지 단어
Cha De bugre,금지 단어
ChineseClubmoss,금지 단어
Chlorodenafil,금지 단어
Chloropretadalafil,금지 단어
Chlorosibutramine,금지 단어
Chlorosipentramine,금지 단어
Chromium Argninate,금지 단어
Chromium Picolinate,금지 단어
Cimicifuga recomosa,금지 단어
Cinnamyldenafil,금지 단어
Cis-cyclopentyltadalafi,금지 단어
Citicoline,금지 단어
Citrulline Malate,금지 단어
Clubmoss,금지 단어
Clubmoss Extract,금지 단어
Colt's foot,금지 단어
Coltsfoot,금지 단어
Cordia Salicifolia,금지 단어
Couch Grass,금지 단어
Coughwort,금지 단어
Crataegus mexicana,금지 단어
Creeping butea,금지 단어
Cyanotis Vaga,금지 단어
Cyclopentynafil,금지 단어
Cysteine,금지 단어
D-chlorpheniramine,금지 단어
DAIWA,금지 단어
DEPROJECT,금지 단어
DMAA,금지 단어
DMBA,금지 단어
DSQ2,금지 단어
Dawa,금지 단어
Dehydroepiandrosterone,금지 단어
Demethylhongdenafil,금지 단어
Demethyltadalafil,금지 단어
Descarbonsildenafil,금지 단어
Desmethylsibutramine,금지 단어
Desulfovardenafil,금지 단어
Devil's Claw Root,금지 단어
Dexamethasone,금지 단어
Diawa,금지 단어
Dichlorodenafil,금지 단어
Didesmethylsibutramine,금지 단어
Diindolylmethane,금지 단어
Dimethylsildenafil,금지 단어
Dimethylthiosildenafil,금지 단어
Dinitrophenol,금지 단어
Dinotaeng,금지 단어
Diosmin,금지 단어
Dithiopropylcarbodenafil,금지 단어
Diwa,금지 단어
Dolmite,금지 단어
E131 Patent blue V,금지 단어
ERMENE,금지 단어
ESSENTIALS,금지 단어
Echinacea spp,금지 단어
Elymus repens,금지 단어
Ephedrine,금지 단어
Epimedium Grandiflorum,금지 단어
Epimedium sagittatum,금지 단어
Epinephrine,금지 단어
Erotic,금지 단어
Eurycoma Longifolia,금지 단어
Eviscer,금지 단어
Farfara,금지 단어
Farfarae flos,금지 단어
Fenfluramine,금지 단어
Fieldhove,금지 단어
Fluoxetine,금지 단어
Foal's wort,금지 단어
Forsythia suspensa extract,금지 단어
Fucoxanthin,금지 단어
Furosemide,금지 단어
GABA ,금지 단어
GARCONS,금지 단어
GHB ,금지 단어
GOYARD,금지 단어
GTD ,금지 단어
Gamma-aminobutyric acid,금지 단어
Garcinia Quaesita,금지 단어
Gelsemium Sempervirens,금지 단어
Gendenafil,금지 단어
Geographic ,금지 단어
Glibenclamide,금지 단어
Gliclazide,금지 단어
Glimepiride,금지 단어
Glipizide,금지 단어
Goldenseal Root,금지 단어
Gravel Root,금지 단어
Griffonia simplicifolia seed extract,금지 단어
Guggul Extract,금지 단어
Gymnema Sylvestre,금지 단어
HENTAI,금지 단어
 HOTO,금지 단어
Hardcore,금지 단어
Harpagophytum procumbens,금지 단어
Have eyes,금지 단어
Hemp ,금지 단어
Histamine,금지 단어
Histamine HCl,금지 단어
Histamine Hydrochloride,금지 단어
Homosildenafil,금지 단어
Hongdenafil,금지 단어
Hoodia Cactus powder,금지 단어
Hoodia Gordonii,금지 단어
Horny goat weed,금지 단어
Horse Chestnut ,금지 단어
Horse hoof,금지 단어
Horse-foot,금지 단어
Horse-shoe,금지 단어
Horsehoof,금지 단어
Hydroxychlorodenafil,금지 단어
Hydroxyhomosildenafil,금지 단어
Hydroxyhongdenafil,금지 단어
Hydroxythiohomosildenafil,금지 단어
Hydroxyvardenafil,금지 단어
Icariin,금지 단어
Imidazosagtriazinone,금지 단어
Indian Snake Root,금지 단어
Isopropylnortadalafil,금지 단어
JBL ,금지 단어
JSEX,금지 단어
Jacob,금지 단어
Jacquemus,금지 단어
Johnson’s Baby,금지 단어
KAMAGRA,금지 단어
KDsafe,금지 단어
Kava kava,금지 단어
Kavain,금지 단어
L-Cysteine,금지 단어
L-Selenomethionine,금지 단어
L-citrulline,금지 단어
L-dopa,금지 단어
L-ornithine,금지 단어
L-오르니틴,금지 단어
LET'SSLIM,금지 단어
LeagueofLegends,금지 단어
Levothyroxine,금지 단어
Ligustrum Berry,금지 단어
Linachouchou ,금지 단어
Line Friends,금지 단어
Liothyronine,금지 단어
Lipoic acid,금지 단어
Lobelia,금지 단어
Lobster,금지 단어
Longa,금지 단어
Longjack,금지 단어
Lumbrokinase,금지 단어
MARK&LONA,금지 단어
MCM ,금지 단어
Microcystin,금지 단어
Mirodenafil,금지 단어
Missoni,금지 단어
Montanoa,금지 단어
Montanoa Tomentosa,금지 단어
Mucuna Pruriens seed,금지 단어
Muira Puama,금지 단어
N2O ,금지 단어
NSR ,금지 단어
Naked,금지 단어
National Geographic,금지 단어
Nitrodenafil,금지 단어
Norneosildenafil,금지 단어
Norneovardenafil,금지 단어
Nude,금지 단어
OX-EYE DAISY,금지 단어
Orlistat,금지 단어
Orthosiphon stamineus,금지 단어
Oxilofrine,금지 단어
Oxohongdenafil,금지 단어
PABA,금지 단어
PAMU,금지 단어
PONY,금지 단어
PRADA,금지 단어
PUBG,금지 단어
PXG,금지 단어
Papaver somniferum,금지 단어
Para-aminobenzoic acid,금지 단어
PavonetKlotzsch,금지 단어
Phellodendri Cortex,금지 단어
Phellodendron,금지 단어
Phellodendron amurense Ruprecht,금지 단어
Phellodendron bark,금지 단어
Phellodendron chinense Schneider,금지 단어
Phenolphthalein,금지 단어
Phenylethylamine,금지 단어
Phyllanthus amarus,금지 단어
Pinellia Tuber,금지 단어
Pinellia ternata Breitenbach,금지 단어
Piperidinohongdenafil,금지 단어
Polene,금지 단어
Pomegranate Seed,금지 단어
Pomegranate bark,금지 단어
Porno,금지 단어
Prickly Chaff,금지 단어
Propoxyphenyl-thioaildenafil,금지 단어
Propoxyphenylthiohomosildenafil,금지 단어
Propoxyphenylthiohydroxyhomosildenafil,금지 단어
Propoxyphenylthiosildenafil,금지 단어
Pseudovardenafil,금지 단어
Ptychopetalum olacoides,금지 단어
Pueraria mirifica,금지 단어
Pygeum Africanum,금지 단어
R-Lipoic acid,금지 단어
RIMOWA,금지 단어
Radix morindae officinalis,금지 단어
Raspberry Ketone,금지 단어
Rauwolfia serpentina,금지 단어
Red root bark,금지 단어
Redkwaokrua,금지 단어
Rhamnus frangula,금지 단어
Rhaponticum Carthamoides,금지 단어
Rheum officinale Bailon,금지 단어
Rheum palmatum,금지 단어
Rheum tanguticum,금지 단어
Rhodea japonica Roth,금지 단어
Rhubarb,금지 단어
Rydenacw,금지 단어
SaengQ,금지 단어
Salacia,금지 단어
Salix Alba,금지 단어
Scorpion,금지 단어
Secret cam,금지 단어
Seman Pruni,금지 단어
Senna,금지 단어
Sennoside,금지 단어
Sexes,금지 단어
Shilajit,금지 단어
Sibutramine,금지 단어
Sildenafil,금지 단어
Slippery Elm,금지 단어
Synephrine,금지 단어
TBTHOM,금지 단어
TB브랜드,금지 단어
THOMBROWNE,금지 단어
Tadalafil,금지 단어
Tejocote root,금지 단어
Terminalia arjuna,금지 단어
Thiohomosildenafil,금지 단어
Thioquinapiperifil,금지 단어
Thiosildenafil,금지 단어
Tongkat Ali,금지 단어
Totoro,금지 단어
Trans-cyclopentyltadalafil,금지 단어
Trichopus Zeylanicus,금지 단어
Tussilago farfara Linné,금지 단어
Udenafil,금지 단어
Uglybros,금지 단어
Ulmus rubra,금지 단어
Uncaria Tomentosa,금지 단어
VETEMENTS,금지 단어
Vardenafil,금지 단어
Veratri Rhizoma et Radix,금지 단어
Veratrum,금지 단어
Verbanalin,금지 단어
Verbena,금지 단어
Vervain,금지 단어
Vinca minor,금지 단어
Vinpocetine,금지 단어
Vipoint,금지 단어
Vitamin K2,금지 단어
White Hellebore,금지 단어
White willow,금지 단어
Wiggle,금지 단어
Wild Yam,금지 단어
Xanthoanthrafil,금지 단어
Yohimbin,금지 단어
Youpin,금지 단어
ZARA ,금지 단어
Zinc citrate,금지 단어
aegismax,금지 단어
ahegao,금지 단어
applique ,금지 단어
aquapick,금지 단어
bang duck,금지 단어
bbang bbang duck,금지 단어
bbang duck,금지 단어
bewell,금지 단어
bigbang,금지 단어
bigbang golf,금지 단어
black snake root,금지 단어
bovine,금지 단어
brassard,금지 단어
brunch brother,금지 단어
brunchbrother,금지 단어
cam mini,금지 단어
chanel,금지 단어
chicab,금지 단어
cichona bark,금지 단어
cis-사이클로펜틸타다라필,금지 단어
clock fan,금지 단어
cognizen,금지 단어
condom,금지 단어
constantinpanerai,금지 단어
coutur,금지 단어
crocs ,금지 단어
desmethylcarbodenafil,금지 단어
dhea ,금지 단어
dinitrophenyl,금지 단어
drpk ,금지 단어
dynafit,금지 단어
eobubaga,금지 단어
eobubagabang,금지 단어
fan clock,금지 단어
fetish,금지 단어
gamakatsu,금지 단어
geographic,금지 단어
germanium,금지 단어
givenchy,금지 단어
glas tr,금지 단어
gorilla glass,금지 단어
gucci,금지 단어
guggul,금지 단어
guggulsterones,금지 단어
hewolf,금지 단어
hidden TF,금지 단어
hidden cam,금지 단어
hidden camera,금지 단어
home security,금지 단어
homotadalafil,금지 단어
j.estina,금지 단어
jammer,금지 단어
jammer Shield,금지 단어
jpx ,금지 단어
juicycoutur,금지 단어
kaempferia parviflora,금지 단어
kakao,금지 단어
kakao friends,금지 단어
kawa kawa,금지 단어
lacoste,금지 단어
led clock face,금지 단어
led clock fan,금지 단어
led fan,금지 단어
lesser periwinkle,금지 단어
lindy ,금지 단어
livis ,금지 단어
maacarons handy fan,금지 단어
magnolia officinalis,금지 단어
majorgolf,금지 단어
mandelda,금지 단어
markandlona,금지 단어
maxmara,금지 단어
melatonin,금지 단어
message fanusb,금지 단어
myopia,금지 단어
 national ,금지 단어
noritake,금지 단어
northface,금지 단어
penis ,금지 단어
quinna tree bark,금지 단어
resin ,금지 단어
scorpio,금지 단어
screen protector,금지 단어
seago,금지 단어
secret audio,금지 단어
secret camera,금지 단어
security cam,금지 단어
security camera,금지 단어
sexual,금지 단어
sg987,금지 단어
slingshot,금지 단어
spanishfly,금지 단어
starbucks,금지 단어
stealth,금지 단어
stigma,금지 단어
stone island,금지 단어
stoneisland,금지 단어
techage,금지 단어
thermometro,금지 단어
tiltlelst,금지 단어
titleist,금지 단어
tommy ,금지 단어
trans-사이클로펜틸타다라필,금지 단어
tws ,금지 단어
uav 방패,금지 단어
ufo가습기,금지 단어
underarmour,금지 단어
usb led clock,금지 단어
wiretapping,금지 단어
yohimbe,금지 단어
 benepom,금지 단어
​TAW&TOW,금지 단어
​라코스테,금지 단어
가마가츠,금지 단어
 가스 ,금지 단어
가재,금지 단어
간첩,금지 단어
감청,금지 단어
강간,금지 단어
개밀,금지 단어
게르마늄,금지 단어
겐데나필,금지 단어
겔세민,금지 단어
고야드,금지 단어
곤약,금지 단어
골든씰 뿌리,금지 단어
과수원젤,금지 단어
관장,금지 단어
구레모나체,금지 단어
구찌,금지 단어
귀두,금지 단어
귀축미학,금지 단어
근골초,금지 단어
근시,금지 단어
글루코만난,금지 단어
글리메피리드,금지 단어
글리벤클라미드,금지 단어
글리클라짓,금지 단어
글리피짓,금지 단어
까르띠에,금지 단어
꼬마젤,금지 단어
꼬추,금지 단어
꼭두서니과,금지 단어
꼼데가르송,금지 단어
나가니시,금지 단어
나이키,금지 단어
난시,금지 단어
남근,금지 단어
남성확대,금지 단어
내셔너,금지 단어
내셔널 지오그래픽,금지 단어
내셔널지오그래픽,금지 단어
네이처하이크,금지 단어
네이쳐하이크,금지 단어
네츄럴핫젤,금지 단어
넥밴드선풍기,금지 단어
넥스가드 스펙트라,금지 단어
넥스가드스펙트라,금지 단어
노르네오바데나필,금지 단어
노르네오실데나필,금지 단어
노리타케,금지 단어
노스페이스,금지 단어
노예,금지 단어
누드 ,금지 단어
뉴트리코어,금지 단어
느릅나무,금지 단어
니트로데나필,금지 단어
다이노탱,금지 단어
다이와,금지 단어
당살초,금지 단어
대원미디어,금지 단어
데메칠타다라필,금지 단어
데메틸홍데나필,금지 단어
데설포바데나필,금지 단어
데스메틸시부트라민,금지 단어
데스메틸카보데나필,금지 단어
데스카본실데나필,금지 단어
덱사메타손,금지 단어
도넛가습기,금지 단어
도수 ,금지 단어
도인,금지 단어
도청,금지 단어
도촬,금지 단어
돌로마이트,금지 단어
돌체구스토,금지 단어
두카티,금지 단어
드라코,금지 단어
드론 방해 기,금지 단어
디니트로페놀,금지 단어
디데스메틸시부트라민,금지 단어
디메칠실데나필,금지 단어
디메틸치오실데나필,금지 단어
디즈니,금지 단어
디치오프로필카보데나필,금지 단어
디클로로데나필,금지 단어
디프로젝터,금지 단어
디프로젝트,금지 단어
딜도,금지 단어
딸딸이,금지 단어
라이언,금지 단어
라이엇게임즈,금지 단어
라즈베리케톤,금지 단어
라코스테,금지 단어
랄프로렌,금지 단어
러브링,금지 단어
러브젤,금지 단어
레보치록신,금지 단어
레이스 링,금지 단어
레즈비언,금지 단어
렛츠슬림,금지 단어
로리타,금지 단어
로스젤,금지 단어
롱타임젤,금지 단어
루돌프가습기,금지 단어
루이비똥,금지 단어
루이비통,금지 단어
룸브로키나제,금지 단어
리그오브레전드,금지 단어
리락쿠마,금지 단어
리모와,금지 단어
리바이스,금지 단어
리얼음순,금지 단어
리오치로닌,금지 단어
리포산,금지 단어
린드버그,금지 단어
마스터베이션,금지 단어
마약,금지 단어
마이크로 광진,금지 단어
마이크로시스틴,금지 단어
마카롱 선풍기,금지 단어
마카롱휴대용선풍기,금지 단어
마크앤로나,금지 단어
마편초,금지 단어
막스마라,금지 단어
만년청,금지 단어
만델다,금지 단어
메세지 선풍기,금지 단어
메세지선풍기,금지 단어
메시지 팬,금지 단어
메시지선풍기,금지 단어
메이저골프,금지 단어
메종드사브레,금지 단어
메틸코발아민,금지 단어
메틸하이드록시호모실데나필,금지 단어
멜라토닌,금지 단어
명민주,금지 단어
모로,금지 단어
모피 ,금지 단어
몰래 ,금지 단어
몰래카메라,금지 단어
몰약,금지 단어
몰카,금지 단어
미니 멜리사,금지 단어
미로데나필,금지 단어
미소시스틴,금지 단어
미쏘니,금지 단어
미즈노,금지 단어
미키,금지 단어
바데나필,금지 단어
바디캠,금지 단어
바이브레이터,금지 단어
반대로 간첩,금지 단어
반하,금지 단어
방탄 소년단,금지 단어
방탄소년단,금지 단어
방해 기,금지 단어
방해 전파 카메라,금지 단어
배틀그라운드,금지 단어
백운석,금지 단어
백하초,금지 단어
버바인,금지 단어
벅턴,금지 단어
벌거 벗은,금지 단어
벗은 여자,금지 단어
베르베린,금지 단어
벤자민무어,금지 단어
벤질실데나필,금지 단어
벨라돈나,금지 단어
보g,금지 단어
보안 카메라,금지 단어
 보지 ,금지 단어
부랄,금지 단어
불독 ,금지 단어
불독방향제,금지 단어
불알,금지 단어
브라더형제,금지 단어
브런치식빵케이스,금지 단어
블랙 코호시,금지 단어
비스트 모드,금지 단어
비웰,금지 단어
빅뱅,금지 단어
빅뱅골프,금지 단어
빈포세틴,금지 단어
빵덕이,금지 단어
빵빵덕,금지 단어
사라시아,금지 단어
사정지연,금지 단어
산리오,금지 단어
살모사,금지 단어
살인,금지 단어
살충제,금지 단어
새총,금지 단어
색녀,금지 단어
 색스,금지 단어
색쓰,금지 단어
생리,금지 단어
생큐,금지 단어
생프로바이오틱스,금지 단어
샤넬,금지 단어
샤넬폰케이스,금지 단어
샤키볼링바이브레이터,금지 단어
샤프나체,금지 단어
석궁,금지 단어
석류씨,금지 단어
석송,금지 단어
성감대,금지 단어
성교,금지 단어
 성기 ,금지 단어
성기능부전개선,금지 단어
성생활,금지 단어
성인게임,금지 단어
성인비디오,금지 단어
세신 ,금지 단어
세신드릴,금지 단어
세정기,금지 단어
섹도구,금지 단어
 섹스 ,금지 단어
섹쑤,금지 단어
섹쓰,금지 단어
센나,금지 단어
센노사이드,금지 단어
셀린느,금지 단어
셀린드,금지 단어
셍큐,금지 단어
소년단,금지 단어
수면제,금지 단어
수면제 ,금지 단어
슈도바데나필,금지 단어
스킨레스,금지 단어
스타벅스,금지 단어
스텔스,금지 단어
스톤 아일랜드,금지 단어
스톤아일랜드,금지 단어
스티그마,금지 단어
슬링샷,금지 단어
시계 선풍기,금지 단어
시력,금지 단어
시마노,금지 단어
시부트라민,금지 단어
시스테인,금지 단어
식빵케이스,금지 단어
 식용 ,금지 단어
식용잉크,금지 단어
신나밀데나필,금지 단어
신비아파트,금지 단어
신호 탐지기,금지 단어
신호탐지기,금지 단어
실데나필,금지 단어
싸이클로펜티나필,금지 단어
쌕스,금지 단어
쎅스,금지 단어
씨디지,금지 단어
아디다스,금지 단어
아르뉴,금지 단어
아미노타다라필,금지 단어
아미로,금지 단어
아바나필,금지 단어
아산화질소,금지 단어
아세트아미노타다라필,금지 단어
아세틸바데나필,금지 단어
아세틸산,금지 단어
아스트로글라이드,금지 단어
아오엠크,금지 단어
아쿠아픽,금지 단어
아헤가오,금지 단어
안전띠,금지 단어
안전클립,금지 단어
안티 스파이,금지 단어
안티 위치,금지 단어
알몸,금지 단어
암모늄,금지 단어
애널,금지 단어
애로,금지 단어
애무,금지 단어
야한,금지 단어
어뉴,금지 단어
어부바,금지 단어
어부바가방,금지 단어
어안 렌즈,금지 단어
어피치,금지 단어
언더아머,금지 단어
에널,금지 단어
에로 ,금지 단어
에로구,금지 단어
에르메네,금지 단어
에르메스,금지 단어
에키네시아 속,금지 단어
에페드린,금지 단어
연교,금지 단어
연꽃정수기,금지 단어
열등용사의,금지 단어
영양제 ,금지 단어
영이의숲,금지 단어
오나홀,금지 단어
오랄,금지 단어
오럴,금지 단어
오르가슴,금지 단어
오르가즘,금지 단어
오르리스타트,금지 단어
오리지날핫젤,금지 단어
오션 팩,금지 단어
오션팩,금지 단어
오줌,금지 단어
오징어 게임,금지 단어
오징어게임,금지 단어
오카모토,금지 단어
옥소홍데나필,금지 단어
옥틸노르타다라필,금지 단어
체온계 ,금지 단어
올세인츠,금지 단어
와이드 뷰 ,금지 단어
외음부,금지 단어
요핀,금지 단어
요힘베,금지 단어
요힘빈,금지 단어
우유 음료,금지 단어
욱일기,금지 단어
위즈굿,금지 단어
유근피,금지 단어
유데나필,금지 단어
유도제,금지 단어
 유방 ,금지 단어
유연한 시간,금지 단어
음경,금지 단어
음란,금지 단어
음모,금지 단어
음부,금지 단어
의료 ,금지 단어
의료게르마늄,금지 단어
이미다조사가트리아지논,금지 단어
이산화질소,금지 단어
이소프로필노르타다라필,금지 단어
이카린,금지 단어
인도사목,금지 단어
인민공화국,금지 단어
입생로랑,금지 단어
 자극기 ,금지 단어
자위,금지 단어
 자지 ,금지 단어
잔소안트라필,금지 단어
정력,금지 단어
젖꼭지,금지 단어
젖탱이,금지 단어
제스트라,금지 단어
제이비엘,금지 단어
제이지 ,금지 단어
제이지컴퍼니,금지 단어
젠틀몬스터,금지 단어
조개나물,금지 단어
조루방지,금지 단어
조임,금지 단어
 주사 ,금지 단어
줄줄이애널,금지 단어
쥬니꾸뛰르,금지 단어
지방시,금지 단어
지상부,금지 단어
지스팟,금지 단어
지오그래픽,금지 단어
진동바이브레이터,금지 단어
진주기구,금지 단어
질흥분제,금지 단어
차이 핏,금지 단어
참억새성기헤이,금지 단어
창녀,금지 단어
체온계,금지 단어
체위,금지 단어
초소형 캠,금지 단어
초소형 홈,금지 단어
최음,금지 단어
최음제,금지 단어
치오실데나필,금지 단어
치오퀴나피페리필,금지 단어
치오호모실데나필,금지 단어
카보데나필,금지 단어
카스카라사그라다,금지 단어
카스카로사이드,금지 단어
카카오,금지 단어
카카오프렌즈,금지 단어
칸나체,금지 단어
캐롤라이나 쟈스민,금지 단어
캘빈클라인,금지 단어
케이트스페이드,금지 단어
케이팝,제외 단어
콘돔,금지 단어
쿤닐링,금지 단어
크록스,금지 단어
클로로데나필,금지 단어
클로로시부트라민,금지 단어
클로로시펜트라민,금지 단어
클로로페니라민,금지 단어
클로로프레타다라필,금지 단어
키나나무,금지 단어
타다라필,금지 단어
타미힐피거,금지 단어
타이들리스트,금지 단어
타이틀리스트,금지 단어
타일러리스트,금지 단어
토토로,금지 단어
톰브라운,금지 단어
톰브랜드,금지 단어
톰패션,금지 단어
파노라마,금지 단어
파워진동먹쇠,금지 단어
판더코리아,금지 단어
판도라 ,금지 단어
패니스,금지 단어
패션TB,금지 단어
패티쉬,금지 단어
페놀프탈레인,금지 단어
페니스,금지 단어
페어라이어,금지 단어
페이퍼랑,금지 단어
페티쉬,금지 단어
페티시,금지 단어
페페로션,금지 단어
펜플루라민,금지 단어
펠라치오,금지 단어
포르노,금지 단어
포켓샷,금지 단어
폰섹,금지 단어
폴렌,금지 단어
폴렌느,금지 단어
폴로 랄프,금지 단어
푸로세미드,금지 단어
퓨마,금지 단어
프라다,금지 단어
프로폭시,금지 단어
페닐치,금지 단어
플레이나체,금지 단어
플레이보이핫젤,금지 단어
플루옥세틴,금지 단어
피콜린산 크롬,금지 단어
피페리디노홍데나필,금지 단어
핀홀,금지 단어
하이드록시바데나필,금지 단어
하이드록시치오호모실데나필,금지 단어
하이드록시클로로데나필,금지 단어
하이드록시호모실데나필,금지 단어
하이드록시홍데나필,금지 단어
한류,금지 단어
할리데이비슨,금지 단어
핫핑거,금지 단어
항문,금지 단어
핸타이,금지 단어
헨타이,금지 단어
혈압계,금지 단어
호모실데나필,금지 단어
호모타다라필,금지 단어
홀스캐슈너츠,금지 단어
홈 보안,금지 단어
홍데나필,금지 단어
확대크림,금지 단어
후박,금지 단어
흑생강,금지 단어
흥분젤,금지 단어
흰버드나무,금지 단어
히로뽕,금지 단어
안전 클립,금지 단어
안전벨트,금지 단어
안전 벨트,금지 단어
벨트클립,금지 단어
벨트 클립,금지 단어
EENK,금지 단어
AXESEA,금지 단어
RIPNDIP,금지 단어
NERDY,금지 단어
DIOR,금지 단어
uptownholic,금지 단어
ODDONEOUT,금지 단어
MoMA,금지 단어
NIKE,금지 단어
 noah ,금지 단어
monton,금지 단어
REKKEN,금지 단어
MOFT ,금지 단어
OTZ ,금지 단어
Korin ,금지 단어
TOI ,금지 단어
Equipment ,금지 단어
TWILLY ,금지 단어
HUMTTO ,금지 단어
크록스 ,금지 단어
polene ,금지 단어
AudemarsPiguet ,금지 단어
depound ,금지 단어
RRL ,금지 단어
ROLAROLA ,금지 단어
LAFESTIN ,금지 단어
라페스틴,금지 단어
PETKIT ,금지 단어
펫킷,금지 단어
Flynova ,금지 단어
플라이노바,금지 단어
레트슬림,금지 단어
제트슬림,금지 단어
zzlddong,금지 단어
즐똥,금지 단어
kellybag ,금지 단어
켈리백,금지 단어
돌체엔,금지 단어
D&G,금지 단어
겐조 ,금지 단어
KENZO ,금지 단어
mellow ,금지 단어
northface ,금지 단어
KLASONBEL,금지 단어
맥퀸,금지 단어
McQueen,금지 단어
dainese ,금지 단어
다이네즈,금지 단어
taylormade,금지 단어
테일러메이드,금지 단어
armani,금지 단어
아르마니,금지 단어
ETRO ,금지 단어
에트로,금지 단어
에스까나,금지 단어
ERMENE ,금지 단어
alvieromartini,금지 단어
알비에로마르티니,금지 단어
ANNASUI,금지 단어
안나수이,금지 단어
icebug ,금지 단어
아이스버그,금지 단어
aigner,금지 단어
아이그너 ,금지 단어
agatha ,금지 단어
아가타 ,금지 단어
swarovski,금지 단어
스와로브스키,금지 단어
SEIKO  ,금지 단어
세이코 ,금지 단어
Versace ,금지 단어
베르사체,금지 단어
브릭스 ,금지 단어
Burberry,금지 단어
버버리,금지 단어
BALLY ,금지 단어
balenciaga,금지 단어
발렌시아가,금지 단어
MIUMIU,금지 단어
미우미우,금지 단어
montblanc,금지 단어
몽블랑,금지 단어
Jacob ,금지 단어
마크제이콥스,금지 단어
LULU ,금지 단어
루루기네스,금지 단어
chloe ,금지 단어
끌로에,금지 단어
loewe ,금지 단어
로에베,금지 단어
PXG ,금지 단어
Malbon,금지 단어
디스커버리,금지 단어
 TB ,금지 단어
푸마,금지 단어
PUMA,금지 단어
LOUISVUTTON,금지 단어
HERMES,금지 단어
롤렉스,금지 단어
Rolex,금지 단어
까르디에,금지 단어
Cartier,금지 단어
헤네시,금지 단어
Hennessy,금지 단어
발렌시아,금지 단어
Valencia,금지 단어
AIR-JORDAN,금지 단어
에어조던,금지 단어
에어조단,금지 단어
DESCENTE,금지 단어
데상트,금지 단어
GENTLEMONSTER,금지 단어
카카오프랜즈,금지 단어
골덴구스,금지 단어
골든구스,금지 단어
시몬스,금지 단어
휠라,금지 단어
가짜 가슴,금지 단어
가짜 유방,금지 단어
실리콘 유방,금지 단어
실리콘 가슴,금지 단어
인조 가슴,금지 단어
인조 유방,금지 단어
인공 가슴,금지 단어
인공 유방,금지 단어
waterpik,금지 단어
stussy,금지 단어
Kangol,금지 단어
THE DARTH FACE,금지 단어
노스 페이스,금지 단어
DARTHFACE,금지 단어
North Face,금지 단어
N-North,금지 단어
The Face S,금지 단어
다스 페이스,금지 단어
폴로 ,금지 단어
HAZZYS,금지 단어
Discovery,금지 단어
네파 ,금지 단어
CARTELO,금지 단어
스투시 ,금지 단어
pearlygate,금지 단어
파리게이츠,금지 단어
파리게이트,금지 단어
Pearly Gates,금지 단어
펄리 게이츠,금지 단어
Malborn,금지 단어
말본,금지 단어
말 골프웨어,금지 단어
PG-,금지 단어
MARK LONA,금지 단어
MARK AMP LONA,금지 단어
MARK &,금지 단어
& LONA,금지 단어
반대로 퇴색하십시오,제외 단어
Ventosa Celulitis,제외 단어
기복을 제공합니다,제외 단어
여러 가지 빛깔의,제외 단어
폴 리 에스테 르,제외 단어
Zading&Voltaire,제외 단어
부가가치세 없음,제외 단어
[영국에서 창고],제외 단어
매끄러운 엉덩이,제외 단어
크리 에이 티브,제외 단어
(에서 선박 us),제외 단어
비키니아일랜드,제외 단어
에스엘바이오텍,제외 단어
아트웍스코리아,제외 단어
Benjamin Moore,제외 단어
하이랜드모터스,제외 단어
brandymelville,제외 단어
만들 필요 없음,제외 단어
뜨거운 여자 착용,제외 단어
부드러운 자매,제외 단어
두껍고 따뜻한,제외 단어
한국어 스타일,제외 단어
채찍으로 치다,제외 단어
wonderbooster,제외 단어
kopenhagenfur,제외 단어
CHARLES&KEITH,제외 단어
helenkaminski,제외 단어
ANYAHINDMARCH,제외 단어
anotheroffice,제외 단어
섹시한 패키지,제외 단어
홍콩 스타일의,제외 단어
로리타 스타일,제외 단어
흔들리는 가슴,제외 단어
eu웨어 하우스,제외 단어
크리에이티브,제외 단어
가르치십시오,제외 단어
dropshipping,제외 단어
를 쓰고 있죠,제외 단어
한국어스타일,제외 단어
bikiniisland,제외 단어
도깨비방망이,제외 단어
HANSHINTOOLS,제외 단어
제이에스티나,제외 단어
이음새가없는,제외 단어
다니엘웰링턴,제외 단어
보테가베네타,제외 단어
쟈딕앤볼테르,제외 단어
헬렌카민스키,제외 단어
이세이미야케,제외 단어
안야힌드마치,제외 단어
해브어굿타임,제외 단어
요지야마모토,제외 단어
어나더오피스,제외 단어
갑상선저하증,제외 단어
갑상선항진증,제외 단어
베이커씨낭종,제외 단어
브런치브라더,제외 단어
한국 스타일,제외 단어
국가 스타일,제외 단어
일본 스타일,제외 단어
배경에 대한,제외 단어
뜨거운 판매,제외 단어
절묘한 질감,제외 단어
Dropshiping,제외 단어
새로운 패션,제외 단어
베스트 매치,제외 단어
새로운 품질,제외 단어
앞으로 모자,제외 단어
새로운 도착,제외 단어
프리 사이즈,제외 단어
무료 사이즈,제외 단어
고급 사용자,제외 단어
canadagoose,제외 단어
isseymiyake,제외 단어
prismacolor,제외 단어
순수한 욕망,제외 단어
무거운 작업,제외 단어
사용자 지정,제외 단어
아이de 이드,제외 단어
의 아름다움,제외 단어
안티-더러운,제외 단어
웨어 하우스,제외 단어
족저근막염,제외 단어
브릴리언트,제외 단어
랜덤사은품,제외 단어
방문서비스,제외 단어
jxwatcher-,제외 단어
laddingwu-,제외 단어
이음매없는,제외 단어
LET'S SLIM,제외 단어
hoobooster,제외 단어
EvaArmisen,제외 단어
에바알머슨,제외 단어
시뮬레이션,제외 단어
스타일난다,제외 단어
아쿠아엑스,제외 단어
호델델루나,제외 단어
스마트캣볼,제외 단어
춤추는생선,제외 단어
캐나다구스,제외 단어
코펜하겐퍼,제외 단어
KOPENHAGEN,제외 단어
Wellington,제외 단어
오데마피게,제외 단어
아크피닉스,제외 단어
찰스앤키스,제외 단어
씨피컴퍼니,제외 단어
SITPACKZEN,제외 단어
글로리어스,제외 단어
지로뱅퀴시,제외 단어
outfitters,제외 단어
아웃피터스,제외 단어
스티브모노,제외 단어
피젯스피너,제외 단어
comfortlab,제외 단어
카트라이더,제외 단어
카트라이터,제외 단어
barmanager,제외 단어
라마르조코,제외 단어
lamarzocco,제외 단어
sundresses,제외 단어
포트폴리오,제외 단어
사용자정의,제외 단어
Sensitivit,제외 단어
너덜너덜한,제외 단어
무료 배송,제외 단어
드롭 배송,제외 단어
재고 있음,제외 단어
쓰고 있죠,제외 단어
무료 반품,제외 단어
변형 없음,제외 단어
목가적 인,제외 단어
인기 판매,제외 단어
드 furong,제외 단어
enjoyfur-,제외 단어
doitbest-,제외 단어
camoland-,제외 단어
visrover-,제외 단어
소녀 패션,제외 단어
영감받은 ,제외 단어
최신 세일,제외 단어
dileechi-,제외 단어
전면 폐쇄,제외 단어
한국 충돌,제외 단어
대조적 인,제외 단어
사전 판매,제외 단어
무두질 된,제외 단어
슈퍼 품질,제외 단어
Slbiotech,제외 단어
nutricore,제외 단어
oceanpack,제외 단어
cotenoire,제외 단어
STAEDTLER,제외 단어
chevrolet,제외 단어
CPCOMPANY,제외 단어
Ferragamo,제외 단어
truegrace,제외 단어
STEVEMONO,제외 단어
TOUCHTWIN,제외 단어
Kartrider,제외 단어
alkphenix,제외 단어
banpresto,제외 단어
팩 엉덩이,제외 단어
조심 기계,제외 단어
젠틀 윈드,제외 단어
분류:가장,제외 단어
절찬 판매,제외 단어
최고 품질,제외 단어
남성-여성,제외 단어
실리카 젤,제외 단어
도매 가격,제외 단어
세금 없음,제외 단어
미국 재고,제외 단어
미국 창고,제외 단어
알몸 느낌,제외 단어
정밀 봉합,제외 단어
밖에 설정,제외 단어
다채로운,제외 단어
불규칙한,제외 단어
무료설치,제외 단어
무료배송,제외 단어
유틸리티,제외 단어
스페인어,제외 단어
dropship,제외 단어
에 대 한,제외 단어
창의적인,제외 단어
오리지널,제외 단어
기하학적,제외 단어
original,제외 단어
방문설치,제외 단어
인기있는,제외 단어
빠른도착,제외 단어
목가적인,제외 단어
WUXIJIAO,제외 단어
따뜻하고,제외 단어
따뜻하게,제외 단어
hotsolid,제외 단어
ushanka-,제외 단어
LDSLYJR-,제외 단어
ladingwu,제외 단어
dileechi,제외 단어
대조적인,제외 단어
사전판매,제외 단어
착용하기,제외 단어
lamatree,제외 단어
라마트리,제외 단어
후부스터,제외 단어
artworks,제외 단어
효도의자,제외 단어
싱가포르,제외 단어
간단하게,제외 단어
탄력있는,제외 단어
부드러운,제외 단어
편안하고,제외 단어
감옥학원,제외 단어
Doraemon,제외 단어
EIICHIRO,제외 단어
ONEPIECE,제외 단어
Highland,제외 단어
audemars,제외 단어
오데마스,제외 단어
아슬레타,제외 단어
애즈클로,제외 단어
ALPICOOL,제외 단어
artshare,제외 단어
코트노아,제외 단어
Nintendo,제외 단어
룩캐스트,제외 단어
마드리드,제외 단어
레츠슬림,제외 단어
미오리오,제외 단어
Glorious,제외 단어
VANQUISH,제외 단어
스카이쉬,제외 단어
스카이시,제외 단어
SIMMONES,제외 단어
페레가모,제외 단어
페라가모,제외 단어
더블알엘,제외 단어
로라로라,제외 단어
프리즈마,제외 단어
APEDEMOD,제외 단어
터치리트,제외 단어
wannabem,제외 단어
워너비엠,제외 단어
애슬레타,제외 단어
머스트잇,제외 단어
바매니저,제외 단어
마르조코,제외 단어
스파게티,제외 단어
sundress,제외 단어
구족냉증,제외 단어
무릎낭종,제외 단어
이국적인,제외 단어
와키자시,제외 단어
masseter,제외 단어
냄새나는,제외 단어
하라주쿠,제외 단어
코리아나,제외 단어
퓨리테일,제외 단어
홀라베어,제외 단어
개인화된,제외 단어
실리카젤,제외 단어
재고있음,제외 단어
응급구조,제외 단어
E 사이클,제외 단어
e-바이크,제외 단어
품목으로,제외 단어
가을글자,제외 단어
합니다.,제외 단어
Hongcui,제외 단어
에 대한,제외 단어
이 있는,제외 단어
2023 년,제외 단어
새 버전,제외 단어
핫 세일,제외 단어
AOLIVIA,제외 단어
에 적합,제외 단어
을 통한,제외 단어
피크 캡,제외 단어
저렴 한,제외 단어
닦 았된,제외 단어
뉴 패션,제외 단어
와 함께,제외 단어
/소녀용,제외 단어
LDSLYJR,제외 단어
dkzsyim,제외 단어
및 지원,제외 단어
2021 년,제외 단어
2022 년,제외 단어
국경 핫,제외 단어
엄선 된,제외 단어
리얼 샷,제외 단어
printec,제외 단어
HANSHIN,제외 단어
sothing,제외 단어
PETGEEK,제외 단어
ZEROONE,제외 단어
baobao ,제외 단어
B-STYLE,제외 단어
FREEing,제외 단어
DUNHILL,제외 단어
Catball,제외 단어
repetto,제외 단어
BVLGARI,제외 단어
불가리 ,제외 단어
BOTTEGA,제외 단어
BARATZA,제외 단어
ATHLETA,제외 단어
LOOKAST,제외 단어
iittala,제외 단어
SKYISH ,제외 단어
invicta,제외 단어
patads ,제외 단어
GROOVE ,제외 단어
탑 보텀,제외 단어
고 이득,제외 단어
올 시즌,제외 단어
큰 가지,제외 단어
EU 재고,제외 단어
EU 창고,제외 단어
e바이크,제외 단어
고층 꽉,제외 단어
큰 야드,제외 단어
봉인 된,제외 단어
올 매치,제외 단어
합니다,제외 단어
동일한,제외 단어
한국판,제외 단어
대여용,제외 단어
아이유,제외 단어
손상된,제외 단어
신선한,제외 단어
새로운,제외 단어
주최자,제외 단어
제조공,제외 단어
아울렛,제외 단어
일본어,제외 단어
홈쇼핑,제외 단어
최고의,제외 단어
관절염,제외 단어
복잡한,제외 단어
머리맡,제외 단어
창조적,제외 단어
새버전,제외 단어
아줌마,제외 단어
베스트,제외 단어
품질의,제외 단어
한국어,제외 단어
뜨거운,제외 단어
2023년,제외 단어
브랜드,제외 단어
신제품,제외 단어
핫세일,제외 단어
사악한,제외 단어
영원히,제외 단어
발표자,제외 단어
강력한,제외 단어
비틀림,제외 단어
고밀도,제외 단어
차가운,제외 단어
향상된,제외 단어
이케아,제외 단어
HUIXIN,제외 단어
WINOMO,제외 단어
신상품,제외 단어
 품질 ,제외 단어
세련된,제외 단어
플랫폼,제외 단어
화려한,제외 단어
정통의,제외 단어
울트라,제외 단어
원활한,제외 단어
중독된,제외 단어
용감한,제외 단어
판매형,제외 단어
심플한,제외 단어
참신한,제외 단어
이있는,제외 단어
따뜻한,제외 단어
따뜻함,제외 단어
midune,제외 단어
저렴한,제외 단어
2021년,제외 단어
2022년,제외 단어
친환경,제외 단어
뜨개질,제외 단어
코코넛,제외 단어
무두질,제외 단어
새헤에,제외 단어
게으른,제외 단어
개인화,제외 단어
뻗치다,제외 단어
크로셰,제외 단어
뜨개실,제외 단어
우아한,제외 단어
spigen,제외 단어
슈피겐,제외 단어
비스카,제외 단어
프린텍,제외 단어
homniz,제외 단어
홈니즈,제외 단어
E-Land,제외 단어
이랜드,제외 단어
MISUMI,제외 단어
꼭고핀,제외 단어
꼭꼬핀,제외 단어
꼬꼬핀,제외 단어
DUPONT,제외 단어
트레킹,제외 단어
까마귀,제외 단어
로우컷,제외 단어
비정형,제외 단어
교수형,제외 단어
고품질,제외 단어
기하학,제외 단어
중공업,제외 단어
여자에,제외 단어
고귀한,제외 단어
중국어,제외 단어
수요에,제외 단어
컨디션,제외 단어
BARREL,제외 단어
캐미솔,제외 단어
AQUA X,제외 단어
마르니,제외 단어
romane,제외 단어
로마네,제외 단어
요넥스,제외 단어
레페토,제외 단어
camper,제외 단어
씨씨엠,제외 단어
BROOKS,제외 단어
브룩스,제외 단어
보테가,제외 단어
바라짜,제외 단어
오데마,제외 단어
asclo ,제외 단어
알피쿨,제외 단어
CHICA ,제외 단어
닌텐도,제외 단어
madrid,제외 단어
MIORIO,제외 단어
싯팩젠,제외 단어
COUGAR,제외 단어
이딸라,제외 단어
뱅퀴시,제외 단어
울랄라,제외 단어
트윌리,제외 단어
TV조선,제외 단어
인빅타,제외 단어
fidget,제외 단어
컴포티,제외 단어
원철호,제외 단어
불사조,제외 단어
RHYME ,제외 단어
에로틱,제외 단어
살인자,제외 단어
게이츠,제외 단어
섹시한,제외 단어
야릇한,제외 단어
가랑이,제외 단어
거북목,제외 단어
일자목,제외 단어
갑상선,제외 단어
무릎혹,제외 단어
절묘한,제외 단어
깔끔한,제외 단어
부드럽,제외 단어
깨끗한,제외 단어
소박한,제외 단어
의료용,제외 단어
&quot;,제외 단어
일본식,제외 단어
Ashywr,제외 단어
친밀한,제외 단어
행복함,제외 단어
사우나,제외 단어
족제비,제외 단어
%quot;,제외 단어
멜로우,제외 단어
차카피,제외 단어
개별된,제외 단어
ebikes,제외 단어
e-bike,제외 단어
고객은,제외 단어
면세점,제외 단어
quot ,제외 단어
에서 ,제외 단어
닦았 ,제외 단어
미dun,제외 단어
22ss ,제외 단어
조수 ,제외 단어
경적 ,제외 단어
DEAT ,제외 단어
visca,제외 단어
VISKA,제외 단어
ABUBA,제외 단어
폴카 ,제외 단어
타이 ,제외 단어
분할 ,제외 단어
저녘 ,제외 단어
치다 ,제외 단어
일치 ,제외 단어
색스 ,제외 단어
 성기,제외 단어
Aoemq,제외 단어
marni,제외 단어
YONEX,제외 단어
쿠거 ,제외 단어
JUJU ,제외 단어
주주 ,제외 단어
소니 ,제외 단어
DKNY ,제외 단어
Ponyo,제외 단어
컴포T,제외 단어
lotto,제외 단어
keds ,제외 단어
noah ,제외 단어
염색 ,제외 단어
항주 ,제외 단어
감금 ,제외 단어
사냥 ,제외 단어
jambe,제외 단어
&quot,제외 단어
muscl,제외 단어
수 지,제외 단어
ebike,제외 단어
참신 ,제외 단어
정점 ,제외 단어
 신상 ,제외 단어
대여 ,제외 단어
대리 ,제외 단어
요추,제외 단어
척추,제외 단어
경추,제외 단어
욕창,제외 단어
중풍,제외 단어
개조 ,제외 단어
정품,제외 단어
업체,제외 단어
제조 ,제외 단어
 목적,제외 단어
빠른,제외 단어
태클,제외 단어
노동,제외 단어
트림,제외 단어
대륙,제외 단어
지적,제외 단어
거래,제외 단어
도매,제외 단어
도착,제외 단어
그냥,제외 단어
무료,제외 단어
배송,제외 단어
최초,제외 단어
흐름,제외 단어
훈제,제외 단어
amp ,제외 단어
기존,제외 단어
진품,제외 단어
할인,제외 단어
짙은,제외 단어
수입,제외 단어
소년,제외 단어
소녀,제외 단어
진짜,제외 단어
소매,제외 단어
공식,제외 단어
유물,제외 단어
멋진,제외 단어
최신,제외 단어
n2ue,제외 단어
2019,제외 단어
2018,제외 단어
2017,제외 단어
2016,제외 단어
2015,제외 단어
CMAZ,제외 단어
박쥐,제외 단어
야자,제외 단어
매우,제외 단어
유명,제외 단어
쉬운,제외 단어
쉬움,제외 단어
가격,제외 단어
모유,제외 단어
깔개,제외 단어
한국,제외 단어
중공,제외 단어
펫긱,제외 단어
듀퐁,제외 단어
현빈,제외 단어
배달,제외 단어
쿠폰,제외 단어
높은,제외 단어
당겨,제외 단어
세일,제외 단어
벽돌,제외 단어
속보,제외 단어
나쁜,제외 단어
판매,제외 단어
재고,제외 단어
미친,제외 단어
보양,제외 단어
중국,제외 단어
휴일,제외 단어
고삐,제외 단어
모든,제외 단어
회화,제외 단어
씻어,제외 단어
유형,제외 단어
2022,제외 단어
2021,제외 단어
2020,제외 단어
던힐,제외 단어
 섹스,제외 단어
22ss,제외 단어
조수,제외 단어
경적,제외 단어
DEAT,제외 단어
캠퍼,제외 단어
CCM ,제외 단어
AMI ,제외 단어
부디,제외 단어
GGDB,제외 단어
BNS ,제외 단어
싯팩,제외 단어
험토,제외 단어
Sexy,제외 단어
605#,제외 단어
WTF ,제외 단어
설사,제외 단어
통풍,제외 단어
명품,제외 단어
신규,제외 단어
흑인,제외 단어
백인,제외 단어
즙이,제외 단어
레레,제외 단어
레핀,제외 단어
구획,제외 단어
종종,제외 단어
옷깃,제외 단어
Ins,제외 단어
new,제외 단어
FOG,제외 단어
/대,제외 단어
/몴,제외 단어
dod,제외 단어
DHL,제외 단어
숑,제외 단어
",",제외 단어
#,제외 단어
!,제외 단어
긴 패딩,롱패딩
러그,매트 카펫 러그
 숏,짧은
오토바이,바이크 오토바이
카펫,매트 카펫 러그
특대,빅사이즈
다이슨,다이슨 호환
삼성,삼성 호환
레고,레고 호환
아이폰,아이폰 호환
【,(
】,)
*,x
<,(
>,)
｛,(
｝,)
입니다.,제외 단어
있지 않습니다,미포함
유백색,아이보리
밝은노랑색,밝은노랑
푸른,파랑
벚꽃가루,연핑크
루비,브라이트레드
은회색,실버그레이
점장 추천,제외 단어
도톰한,도톰
찰랑찰랑,제외 단어
프리미엄,제외 단어
은은한,제외 단어
하늘하늘,제외 단어
빙하,아이스
빅맥,대형
레이어드,제외 단어
트리플,3단
2중,2단
한겹,1단
이단,2단
오버사이즈,라지
셔터,도어
오버레이,라지
특대백,특대화이트
특대황,특대옐로우
특대흑,특대블랙
대백,대화이트
대황,대옐로우
대흑,대블랙
파우더,연핑크
일체,단일상품
일체형,단일상품
있음,포함
꽃가루,핑크
벚꽃,사쿠라
통하다,연결
마음이,마음
테두리,엣지
업그레이드된,제외 단어
업그레이드형,제외 단어
럭셔리,제외 단어
플래그십,제외 단어
스탠다드,제외 단어
업그레이드,제외 단어
이차전지,2차전지
디럭스,제외 단어
싱글,단일상품
신상,신형
짊어짐,포함
유니버설,범용
유니버셜,범용
 튜브,관
 스프레이,분무기
듀얼,더블
트윈,더블
 수입,고사양
 커스텀,맞춤제작
맞춤형,맞춤제작
들것,핸디형
강화,튼튼한
황금,골드
하이엔드,제외 단어
최상급,제외 단어
[,(
],)
하이옵션,하이파이
한정,제외 단어
반값,제외 단어
고배합,고성능
이다,제외 단어
타약기,분무기
두꺼운,고밀도
초중량,초경량
신축,제외 단어
 유럽,EU형
 한대,1대
/사은품,+사은품
더블오픈,더블스위치
손잡이,핸들
스피드조절,변속
속도조절,변속
본체,본품
리튬전압,리튬전지
납전기,납축전지
3세대,제외 단어
표준형플러스,제외 단어
본체?,제외 단어
한정판,한정수량
표준판,일반형
초동력,동력
배낭식,배낭형
고사양배치,고급
 불구이,불판
직경,지름
두꺼워진,고밀도
두껍게,고밀도
코스요리,제외 단어
 짱,제외 단어
찍기,선택
아래,하단
점장추천,제외 단어
동그라미,원형
동그란,원형
바위,석재
원반,원형
 단지,단일상품
인클로저,내장
당깁니다,포함
펀치없는,펀치제외
빛을위한,제외 단어
전화 충전기,휴대폰 충전기
숙녀,여자
플랫,플랫 낮은굽
드롭 쉬핑,제외 단어
섹시하고,섹시
두 조각 세트,세트
bodycon,제외 단어
미적,제외 단어
2피스 세트,세트
품질,제외 단어
초기,제외 단어
gemelos,제외 단어
hotsale,제외 단어
wholesale,제외 단어
Lawer,제외 단어
창의력,제외 단어
할로우,제외 단어
_,제외 단어
HONMA,금지 단어
마제스티,금지 단어
Majesty,금지 단어
혼마,금지 단어
조준경,금지 단어
할 수 있습니다,가능
할 수있다,가능
가진,제외 단어
에는,제외 단어
평판이 좋은,제외 단어
적합,전용
무수정,제외 단어
아픈,제외 단어
Rush,제외 단어
않습니다,않음
SONY,SONY 호환
짧은,짧은 숏
없음,제외 단어
좋은,고품질
가 있는,포함
가있는,포함
에 사용되는,전용
독창성,제외 단어
인기 있는,제외 단어
wushu,제외 단어
suppli,제외 단어
새로운 오는,제외 단어
서정적 인,제외 단어
Chineserussian,제외 단어
고효율,제외 단어
오래된,제외 단어
1 쌍,1세트
Denim,데님
모토,모토 사이클
BURGUNDY,버건디
bundle,번들
접을 수있는,접이식
CAMEL,카멜
2 in 1,투인원
대한,제외 단어
있습니다.,제외 단어
^,제외 단어
반포장,제외 단어
면화,코튼
느슨한,제외 단어
툴링,제외 단어
미야케,금지 단어
무릎 길이,5부
발목 길이,9부
아웃웨어,아웃도어
창조적인,예술적인
을 위한,용
을위한,용
커플웨어,커플룩
혼방,혼합
드래곤볼,금지 단어
애니,금지 단어
아이더,금지 단어
eider,금지 단어
k2,금지 단어
도라에몽,금지 단어
커비,금지 단어
자신있는,제외 단어
치명적인,제외 단어
끔찍,제외 단어
생명,제외 단어
PU,제외 단어
줍다,제외 단어
문화재,제외 단어
유산,제외 단어
드롭,제외 단어
velcros,벨크로
tissu,티슈
여러 가지,여러가지
무불꽃,불꽃모형
코 튼,코튼
대 한,대한
암소,젖소
bookbag,책가방
pcs,"조각,피스"
flameless,불꽃모형
확장 가능한,제외 단어
평생 보증,제외 단어
바퀴 달린,제외 단어
옥스포드,제외 단어
어설트,제외 단어
젊은 사람,제외 단어
왁스 칠한,제외 단어
반대로,제외 단어
그랜드 마스터,제외 단어
악마 재배,제외 단어
여성을위한,여성용
십 대,10대
젊은,mz세대
조절 가능한,조절가능
야외 레저,아웃도어
남자의,남성용
수제,핸드메이드
안티 절도,도난방지
하드 쉘,하드커버
짱구식판,금지 단어
두가티,금지 단어
carina,금지 단어
smurf,금지 단어
"Д,Е,Ж,З,И,Й,К,Л,М,Н,О,П,Р,С,Т,У,Ф,Х,Ц,Ч,Ш,Щ,Ъ,Ы,Ь,Э,Ю,Я,а,б,в,г,д,е,ж,з,и,й,к,л,м,н,о,п,р,с,т,у,ф,х,ц,ч,ш,щ,ъ,ы,ь,э,ю,я,ё",제외 단어
쌍,제외 단어
개갑,제외 단어
산지직송,제외 단어
해외여행,제외 단어
전기충격기,제외 단어
담배,제외 단어
아토피,제외 단어
무농약,제외 단어
무기농,제외 단어
매달려,걸이
군사,군인 밀리터리
가제트,만능
다기능,멀티
삼성정품,삼성호환
기절배게,숙면 배게
긁적,스크래쳐
액세서리,악세서리
중고,엔틱
자세히,정밀
균열에,제외 단어
흥미로운,제외 단어
불량,제외 단어
여기에,제외 단어
재미 있은,제외 단어
하하하하하,제외 단어
심각한,제외 단어
갔어,제외 단어
나는,제외 단어
너머로,제외 단어
비 바람에 견디는,방수
Tire,타이어
bike,자전거
Motorcycles,오토바이
앞섶,앞
엠 블 럼,엠블럼
캐러밴,카라반
차 감시자,블랙박스 CCTV
없는,제외 단어
정의되지 않은,제외 단어
 통해,제외 단어
신비,제외 단어
Upswept,제외 단어
혼다,제외 단어
라우드,제외 단어
댄싱,제외 단어
경로,제외 단어
소프테일,제외 단어
일렉트라,제외 단어
딱딱,제외 단어
점액으로 ,제외 단어
환생,제외 단어
 크기 ,제외 단어
거짓말,제외 단어
강아지,강아지 개
동물을위한,애완동물용
작은 개를 위한,소형견용
카와이,귀여운
섬유,원단
출산,임산부
살롱,미용실
길고 큰,빅사이즈
어린이를 위한,키덜트
정형 외과,맞춤형
키즈,남녀공용
자물쇠 상자,금고
 핫휠 ,금지 단어
핫 휠,금지 단어
픽사,금지 단어
shimano,금지 단어
JBL,금지 단어
Marshall,금지 단어
자브라,금지 단어
삼성 갤럭시 버즈,금지 단어
한국의,제외 단어
한국에,제외 단어
프로모션 코드:,제외 단어
프로모션코드:,제외 단어
&39;english,제외 단어
심천제작,제외 단어
영어/ES/FR,제외 단어
어린이용,제외 단어
** 선주문 **,제외 단어
유아,제외 단어
지존,플래그쉽
지존형,플래그쉽
케이팝 스타일,제외 단어
어부 모자,버킷햇
버킷 모자,버킷햇
버킷 캡,버킷햇
버킷 햇,버킷햇
특가,제외 단어
코인과,제외 단어
Xiaomi,제외 단어
", ",제외 단어
  ,제외 단어
가전제품용,가정용
음소거,저소음
등과 같은 ,제외 단어
다양한 기기에 ,제외 단어
공기 건조기,습기제거
작은 냉장고,미니냉장고
수분 흡수 건조기,습기제거
습기 제거기용,제습기용
산업용 제습기,공업용제습기
수분 흡수기 ,습기제거
전문 수분 흡수기,업소용제습기
수분 흡수 장치,습기제거 제습기
가전 제품,제외 단어
조용한,저소음
습기 흡수,습기제거
지하실 습기 흡수,원룸
자동차 제습기,차량용제습기
저소비,저전력
중복 사용,제외 단어
필터가 있는,필터포함
 baseroom,원룸
습도 방지,습기제거
소형 지하실,원룸
공기 건조,제습
파나마 모자,파나마햇
큰 머리 사이즈,큰머리 빅사이즈
남아용,제외 단어
여아용,제외 단어
여아 ,제외 단어
양동이 모자,버킷햇
아기 ,제외 단어
어부,제외 단어
넓은 챙,챙넓은
태양 모자,제외 단어
라지 캡 플러스 사이즈,큰머리 빅사이즈
착용,제외 단어
Bob Femme Gorro,제외 단어
인쇄,프린트
어린이-부모,제외 단어
통기성이,통기성
우수한,우수
어린이,제외 단어
 큰,빅
만화,카툰
포니 테일,포니테일
2023,제외 단어
크로 셰,제외 단어
뜨개질 모자,뜨개모자
큰 머리,큰머리
 남아 ,제외 단어
선 바이저,선바이저
Panama,파나마햇
 냉기 없음,제외 단어
 큰 챙,챙넓은
 빅 챙,챙넓은
100%,제외 단어
Y2k,제외 단어
 UN,제외 단어
Foldable,접이식
부모-아이,전연령
Jagermeister,예거마이스터
선 스크린,썬캡
손 짜기,핸드메이드
작은 Bim 분할 밀짚 모자,스캘럽 모자
Yohji Yamamoto,금지 단어
 여아용 ,제외 단어
VOBOOM,제외 단어
Chapeau,버킷햇
 및 ,제외 단어
노동 보험,제외 단어
전쟁,밀리터리
큰 비 ,장마
태양 보호,지외선차단
순수 코튼,순면
임시 문신,인스턴트 타투
가짜 문신,헤나 스티커
진균증,금지 단어
곰팡이 손톱,금지 단어
손톱 곰팡이,금지 단어
아이 ,제외 단어
Taty,제외 단어
가짜,페이크
인스타그램 ,제외 단어
현야 ,제외 단어
Ninetales,제외 단어
일본,제외 단어
 한 ,제외 단어
아트 문신,헤나 스티커
스파이디와,제외 단어
스파이디,제외 단어
문신 제거,금지 단어
크로노그래프,금지 단어
간단한,심플
핸드헬드,포터블
BMW ,BMW 호환
MINI Cooper ,미니쿠퍼 호환 
Countryman ,컨트리맨 호환 
미니 쿠퍼,미니쿠퍼 호환 
커버 쉘,커버
탄소 섬유,카본
있는 ,제외 단어
Android Auto,안드로이드 오토
Kia Sportage,스포티지
후진 자동 주차,후진 자동반응
CarPlay,카플레이
비디오 레코더,블랙박스
후방 카메라,후방카메라
미러 카메라,룸미러
나이트 비전,나이트비전
야간 투시경,나이트비전
폭스 바겐,폭스바겐 호환
블랙 박스,블랙박스
야간 비전,나이트비전
폭스바겐,폭스바겐 호환
자동차 ,차량용
백 미러,룸미러
대시 캠,대시캠
투시경 ,제외 단어
DVRs,제외 단어
..,제외 단어
차량용 미러 레코더,룸미러 블랙박스
DVR,제외 단어
자동 백업 모니터,후방카메라 모니터
미니 프로젝터,미니빔 프로젝트
오크 배럴,오크통
오크 양조 배럴,오크통술통
오크 와인 배럴,오크통
와인 오크 배럴,와인오크통
오크 숙성 배럴,맥주통오크통
수도꼭지,금지 단어
나무 도마,나무도마
목재 도마,원목도마
고무 목재,고무나무
식사 준비,조리용
서빙 나무 도마,플레이팅
플레이트,플레이팅
천연 나무,나무
그루터기 모양,통원목
핸들이,핸들
핸들이 달린,핸들추가
검마 끈 긁힌,제외 단어
고양이 타워,고양이캣타워
고양이 나무 타워,목재 캣폴
고양이 등반,캣폴
나무 긁기,고양이스크래처
긁힘 포스트,스크래쳐
고양이 긁는,고양이 스크래쳐
고양이 나무,고양이 캣폴
스크래치 포스트,스크래쳐
스크래치 보드,고양이스크래쳐매트
EU 형 스타일,유럽형 스타일
북 EU형,북유럽
암막 커튼,암막커텐
사용자 정의,제외 단어
anker,금지 단어
soundcore,금지 단어
stanmore,금지 단어
마샬,금지 단어
스탠모어,금지 단어
하만카돈,금지 단어
뱅앤올룹슨,금지 단어
가츠,금지 단어
캔스톤,금지 단어
로랜텍,금지 단어
Emberton,금지 단어
브리츠,금지 단어
 보스,금지 단어
 boss,금지 단어
 소니,금지 단어
구글 네스트,제외 단어
구글네스트,제외 단어
 몬스타,금지 단어
B&O,금지 단어
액톤2,금지 단어
엠버튼,금지 단어
앰버튼,금지 단어
핸들 바,핸들바
작은 오디오,미니스피커
스피커에,스피커
사운드 실행,재생
Evpad,금지 단어
 개용,제외 단어
 키즈,제외 단어
 개 수영장, 애견 수영장
를 위한,제외 단어
개를 위한,애견용
Lurekiller,금지 단어
MADMOUSE,금지 단어
Felenhai,금지 단어
SeaKnight,금지 단어
KastKing,금지 단어
Sougayilang,금지 단어
NOEBY,금지 단어
Topline,금지 단어
ECOODA,금지 단어
폭행,제외 단어
[1],선택1 
[2],선택2 
[3],선택3
[4],선택4
[5],선택5
[6],선택6
[7],선택7
[8],선택8
[9],선택9
[10],선택10
가스 포크,에어 서스펜션
SRAM,금지 단어
Bolany,금지 단어
Suntour,금지 단어
SR Suntour,금지 단어
Meroca,금지 단어
볼라니,금지 단어
테스트,금지 단어
금지단어테스트,금지 단어
금지단어테스트2,금지 단어
어디갔냐,금지 단어
어1,금지 단어
어2,금지 단어
어3,금지 단어
어4,금지 단어
,금지 단어
